City,Region
Ottawa,Ottawa
Manotick,Ottawa
Nepean,Ottawa
Orleans,Ottawa
Dunrobin,Ottawa
Navan,Ottawa
Rockland,Ottawa
Kemptville,Ottawa
Clarence-Rockland,Ottawa
Plantagenet,Ottawa
Casselman,Ottawa
Embrun,Ottawa
Stittsville,Ottawa
Enterprise,Ottawa
Barrhaven,Ottawa
Kanata,Ottawa
Russell,Ottawa
Greely,Ottawa
Mississippi Mills,Ottawa
Smiths Falls,Ottawa
Perth,Ottawa
Seeley's Bay,Ottawa
Gatineau,Gatineau
Chelsea,Gatineau
L'Ange-Gardien,Gatineau
Cantley,Gatineau
Kazabazua,Gatineau
Montebello,Gatineau
Val-Des-Monts,Gatineau
Luskville,Gatineau
Aylmer,Gatineau
Otter Lake,Gatineau
Lac-des-Loups,Gatineau
Wakefield,Gatineau
Ripon,Gatineau
Laval,Montreal
Dollard-des-Ormeaux,Montreal
Montréal,Montreal
Beaconsfield,Montreal
Brossard,Montreal
Kirkland,Montreal
Westmount,Montreal
Mont-Royal,Montreal
Pointe-Claire,Montreal
Baie-d'Urfé,Montreal
Sainte-Anne-des-Plaines,Montreal
Mascouche,Montreal
Candiac,Montreal
Chateauguay,Montreal
Lorraine,Montreal
Sainte-Thérèse,Montreal
Bois-des-Filion,Montreal
Kahnawake,Montreal
Saint-Hubert,Montreal
Côte Saint-Luc,Montreal
Varennes,Montreal
Rosemère,Montreal
Deux-Montagnes,Montreal
Longueuil,Montreal
Blainville,Montreal
Montreal,Montreal
Amherstview,Kingston
Kingston,Kingston
Gananoque,Kingston
Cornwall,Kingston
Bath,Kingston
Cardinal,Kingston
Spencerville,Kingston
Odessa,Kingston
Wendover,Kingston
Hampstead,Kingston
Québec City,Quebec
Saint-Jérôme,Quebec
L'Ancienne-Lorette,Quebec
Châteauguay,Quebec
Québec,Quebec
Quebec,Quebec
Montréal-Ouest,Montreal
Brockville,Kingston
Ottaw,Ottawa
Barhaven,Ottawa
Senneville,Montreal
